id,timestamp,rating,review,ai_reply,ai_summary,ai_actions
1,2025-12-07T08:51:41.605742,4,The product quality was great but shipping was delayed.,"Thank you so much for the 4-star review and for highlighting the great product quality—we really appreciate it. We’re sorry for the shipping delay, and next time you order we recommend choosing our expedited/priority option at checkout so we can get your items to you even faster.",Customer is happy with the product quality but dissatisfied with a delayed delivery.,Review and improve shipping timelines and logistics to prevent future delivery delays.
2,2025-12-07T09:22:07.740625,2,The product quality is not the level we have expected and need to  improve a lot on packaging.,"I'm really sorry to hear that the product quality and packaging didn't meet your expectations, and we truly appreciate you letting us know. If you're open to it, please contact our support team so we can look into your order in detail and escalate this to our quality and packaging teams to make things right.",Customer dissatisfied with product quality and packaging design; both areas require significant improvement.,Conduct packaging effectiveness testing and quality control assessment to identify specific deficiencies and implement design improvements.
3,2025-12-07T09:57:36.545026,1,Very bad product quality. Totally disappointed.,"I’m really sorry to hear you’re so disappointed with the product quality, and I apologize for the frustration this has caused. Please contact our support team with your order details so we can investigate what went wrong and escalate this to find a solution for you.",Customer is extremely dissatisfied with the product due to very poor quality.,Flag this review for urgent follow-up to offer refund or replacement and log a quality issue for product inspection.
4,2025-12-07T09:57:50.378662,4,"Good product, but packaging could be better.","Thank you for the 4-star review and for sharing your thoughts on the product. We’re glad you liked it, and we’ll definitely work on improving the packaging so your next experience can be even better.",Customer is satisfied with the product but finds the packaging quality lacking.,Review and improve packaging materials and design to enhance protection and presentation.
5,2025-12-07T09:58:09.127276,5,Excellent! Works perfectly and worth the money.,"Thank you so much for the fantastic 5-star review—we’re thrilled to hear it’s working perfectly and feels worth the investment. If you ever need any tips, have questions, or want to explore more features, we’re always here to help.","Customer is very satisfied, saying the product works perfectly and is worth the price.",Tag and showcase this review in marketing materials as a strong value and performance testimonial.
6,2025-12-07T09:58:28.676845,2,Not as described. Performance is below average.,I’m sorry to hear the product wasn’t as described and that the performance has been below your expectations. Please contact our support team with your order details so we can investigate this further and escalate it to find a solution for you.,Customer reports the product does not match its description and delivers below-average performance.,"Have product and quality teams review this item’s description and performance issues, then reach out to the customer with clarification or a resolution option."
7,2025-12-07T09:58:42.397874,3,"It’s okay. Not great, not terrible.","Thanks for sharing your honest thoughts with us. If you’re open to it, we’d love to hear what could have made your experience better so we can improve next time.",User felt the experience was average and unremarkable—neither good nor bad.,Investigate this segment for specific improvement opportunities to make the experience more distinctive and positive.
8,2025-12-07T09:58:53.268718,1,Worst purchase. Stopped working within a week.,We’re really sorry to hear your purchase stopped working so soon and that this has been such a frustrating experience. Please reach out to us directly so we can make it right and find a solution for you.,"Customer reports product failure within one week, calling it their worst purchase.",Flag for urgent quality check on this product batch and have support proactively offer replacement or refund.
9,2025-12-07T09:59:15.269596,5,Amazing quality and super fast delivery!,"Thank you so much for the 5-star review—we’re thrilled to hear you loved the quality and super fast delivery! We can’t wait to serve you again, and if there’s anything else you need, just let us know.",Customer praises the product’s quality and very fast delivery with a 5-star rating.,Acknowledge the review publicly and consider featuring it in marketing materials as a testimonial.
10,2025-12-07T09:59:26.842043,4,Satisfied with the product. Value for money.,"Thank you so much for your 4-star rating and for sharing that you’re satisfied with the product and its value for money. We’d love to serve you again soon, and if you have any ideas on how we could make your next experience a 5-star one, we’re all ears.",Customer is satisfied and finds the product good value for money.,Tag as positive value-focused feedback and continue positioning the product around affordability and satisfaction.
11,2025-12-07T09:59:42.097505,2,Build quality is cheap. Wouldn’t recommend.,"I’m really sorry to hear you’re disappointed with the build quality, and I appreciate you taking the time to let us know. If you’re open to it, please contact our support team so we can review your order and see what we can do to make this right.",Customer finds the product’s build quality poor and would not recommend it.,Review recent production batches for build-quality issues and assess whether design or materials need upgrading to prevent similar complaints.
12,2025-12-07T09:59:58.377624,3,Average product. Works fine for basic use.,"Thanks for sharing your honest feedback—I'm glad to hear the product works fine for basic use. If you have any suggestions on how we could make it better for you, we’d really appreciate your ideas so we can keep improving.",Customer finds the product average but acceptable for basic use cases.,Maintain current functionality while exploring minor improvements or added features to increase perceived value for more demanding users.
13,2025-12-07T10:00:10.361792,5,Loved it! Exceeded my expectations.,Thank you so much for the amazing 5-star review—we’re thrilled to hear it exceeded your expectations! We’d love to welcome you back again soon and help you enjoy it even more.,Customer was highly satisfied and felt the experience exceeded expectations.,Tag this as a showcase 5-star review and surface it prominently in marketing materials.
14,2025-12-07T10:00:32.071285,1,Terrible experience. Received a defective item.,"I’m really sorry you had such a terrible experience and received a defective item. Please contact us with your order number so we can either replace the product or arrange a full refund right away, and I can also escalate this to a supervisor to ensure it’s handled promptly.",Customer reports a terrible experience due to receiving a defective item.,Proactively contact the customer to apologize and offer an immediate replacement or full refund.
15,2025-12-07T10:01:49.300433,1,Terrible experience. Received a defective item.,I’m very sorry you received a defective item and had such a terrible experience. Please contact us with your order details so we can escalate this immediately and arrange a replacement or refund for you.,Customer reports a terrible experience due to receiving a defective item.,Contact the customer to apologize and offer an immediate replacement or full refund for the defective item.
16,2025-12-07T10:02:09.451363,4,Good features. A bit pricey but worth it.,"Thank you so much for the great rating and for highlighting our features—we’re really glad you’re finding the product worth it. If you’d like to get even more value for the price, we’d be happy to help you explore plans, discounts, or tips to make the most of what you’re using.",Customer finds the product’s features strong and feels the higher price is justified overall.,Monitor similar feedback on pricing to assess whether a minor price adjustment or clearer value messaging is needed.
17,2025-12-07T10:02:23.481598,2,Delivery was delayed. Product not impressive.,"We’re really sorry your delivery was delayed and that the product didn’t meet your expectations. If you’re open to it, please contact our support team so we can review your order in detail, help with a return or replacement, and escalate this to our quality and logistics teams.",Customer is unhappy due to a delayed delivery and finds the product quality unimpressive.,"Review this order’s shipping timeline and product quality, then follow up with the customer with an apology, brief explanation, and possible compensation."
18,2025-12-07T10:02:34.382892,3,Overall decent. Could be better.,"Thanks for sharing your feedback—""overall decent"" is good to hear, and we’d really like to understand what could have made your experience better. If you’re open to it, please let us know what you’d like to see improved so we can work on it for next time.",Customer feels the experience was decent but sees clear room for improvement.,Reach out to ask what specific changes would have improved their experience from decent to great.
19,2025-12-07T10:02:46.524312,5,Fantastic! Highly recommended.,Thank you so much for the fantastic 5-star review and recommendation! We’re thrilled you had such a great experience and look forward to helping you again soon.,"Customer gave a very short but highly positive 5-star review, indicating strong satisfaction.",Acknowledge the review with a brief thank-you and consider featuring it as a short testimonial.
20,2025-12-07T10:03:01.988278,1,Poor quality and bad customer support.,"I’m really sorry to hear about the poor quality and your experience with our customer support, and I appreciate you letting us know. If you’re willing, please contact our support team so we can review what happened and work to make this right for you.",Customer reports very poor product quality and unhelpful support experience.,"Review this case with QA and support teams, then contact the customer with an apology and a concrete resolution or replacement offer."
21,2025-12-07T10:04:08.855088,4,Quite good. Performs well so far.,"Thanks so much for the 4-star review and for sharing that it’s performing well so far. If you ever have questions or want tips to get even more out of it, we’re here to help and hope to earn that 5th star next time.",User finds the product quite good and is satisfied with its performance so far.,Monitor usage and proactively request more detailed feedback after extended use.
22,2025-12-07T10:04:30.969728,2,Does not match the expectations. Low durability.,I’m really sorry to hear the product didn’t meet your expectations and that you experienced issues with durability. Please contact our support team with your order details so we can look into this further and escalate it to find a suitable solution for you.,Customer is dissatisfied because the product did not meet expectations and appears to have low durability.,Review quality and durability standards for this product line and assess if design or materials need improvement.
23,2025-12-07T10:04:46.773612,5,Superb product! Will definitely buy again.,Thank you so much for the awesome 5-star review and your kind words about our product! We’re thrilled you loved it and can’t wait to have you back for your next purchase.,Customer is extremely satisfied with the product and intends to repurchase.,Tag as a 5-star promoter review and consider featuring it in marketing materials or testimonials.
24,2025-12-07T10:18:41.864299,1,Very bad product quality. Totally disappointed.,"I'm really sorry to hear you're so disappointed with the product quality, and I apologize for the frustration this has caused. Please contact us directly with your order details so we can investigate what went wrong and escalate this to our support team to make it right for you.",Customer is extremely dissatisfied due to very poor product quality.,Investigate the product batch for quality issues and proactively offer the customer a replacement or refund.
25,2025-12-07T10:39:40.512548,5,Great product and really worth it!,,,
26,2025-12-07T11:12:43.838759,5,great product,,,
27,2025-12-07T12:39:20.304685,2, The product quality is not the level we have expected and need to improve a lot on packaging and may be a personal touch will work.,"Thank you for sharing this feedback, and I'm truly sorry the product quality and packaging did not meet your expectations. We'd like to review this in detail and make it right—please contact our support team with your order details so we can look into improvements and a suitable resolution for you.","Customer is dissatisfied with product quality and packaging, and suggests adding a more personalized touch.","Review and upgrade product quality and packaging standards, then test a small personalized element (e.g., note or customization) with upcoming orders."
28,2025-12-07T15:28:56.546411,5,Great product and the packing is cute!,"Thank you so much for the 5-star review—we're thrilled you loved the product and the cute packaging! We can't wait to have you back again, and if you need anything at all, we're always here to help.",,
